Year,Team,pythW_pct,xFIP,SIERA,xwOBA,wRC+,F_DRS,F_OAA,W,L,R,RA,playoff_outcome
2016,Red Sox,0.606,4.2,4.02,0.325,113,69,-7,93.0,69.0,878.0,694.0,2
2016,Rockies,0.492,4.23,4.25,0.317,94,11,19,75.0,87.0,845.0,860.0,0
2016,Cubs,0.665,3.74,3.76,0.324,106,107,40,103.0,58.0,808.0,556.0,5
2016,Tigers,0.518,4.31,4.16,0.338,106,-57,-3,86.0,75.0,750.0,721.0,0
2016,Cardinals,0.541,3.88,3.95,0.326,105,-10,-5,86.0,76.0,779.0,712.0,0
2016,Blue Jays,0.56,4.02,3.98,0.326,104,58,1,89.0,73.0,759.0,666.0,3
2016,Indians,0.563,3.8,3.79,0.322,100,41,14,94.0,67.0,777.0,676.0,4
2016,Orioles,0.518,4.34,4.28,0.327,103,1,4,89.0,73.0,744.0,715.0,1
2016,Mariners,0.538,4.17,4.03,0.325,108,2,4,86.0,76.0,768.0,707.0,0
2016,Rangers,0.505,4.49,4.44,0.318,95,2,18,95.0,67.0,765.0,757.0,2
2016,Nationals,0.6,3.82,3.72,0.321,96,2,-8,95.0,67.0,763.0,612.0,2
2016,Diamondbacks,0.424,4.34,4.3,0.312,93,-24,-7,69.0,93.0,752.0,890.0,0
2016,Pirates,0.482,4.28,4.26,0.313,97,-6,-1,78.0,83.0,729.0,758.0,0
2016,Twins,0.406,4.42,4.32,0.308,95,-57,6,59.0,103.0,722.0,889.0,0
2016,Astros,0.515,3.87,3.83,0.318,101,77,4,84.0,78.0,724.0,701.0,0
2016,Brewers,0.46,4.42,4.38,0.306,92,24,-32,73.0,89.0,671.0,733.0,0
2016,Mets,0.538,3.78,3.78,0.313,99,3,-34,87.0,75.0,671.0,617.0,1
2016,Giants,0.557,4.01,3.96,0.317,96,75,13,87.0,75.0,715.0,631.0,2
2016,Rays,0.473,4.22,4.03,0.309,98,16,-22,68.0,94.0,672.0,713.0,0
2016,Dodgers,0.558,3.75,3.63,0.32,97,56,-14,91.0,71.0,725.0,638.0,3
2016,Angels,0.494,4.66,4.48,0.321,99,38,-4,74.0,88.0,717.0,727.0,0
2016,White Sox,0.481,4.38,4.26,0.304,97,-2,5,78.0,84.0,686.0,715.0,0
2016,Reds,0.42,4.79,4.58,0.301,89,-14,-13,68.0,94.0,716.0,854.0,0
2016,Yankees,0.485,3.86,3.76,0.305,92,14,9,84.0,78.0,680.0,702.0,0
2016,Marlins,0.482,4.21,4.16,0.307,95,4,17,79.0,82.0,655.0,682.0,0
2016,Royals,0.476,4.33,4.19,0.302,89,10,22,81.0,81.0,675.0,712.0,0
2016,Braves,0.417,4.48,4.36,0.309,86,-14,7,68.0,93.0,649.0,779.0,0
2016,Athletics,0.43,4.28,4.21,0.314,89,-70,-18,69.0,93.0,653.0,761.0,0
2016,Padres,0.447,4.42,4.37,0.293,84,-3,-31,68.0,94.0,686.0,770.0,0
2016,Phillies,0.381,4.21,4.1,0.291,81,-11,-3,71.0,91.0,610.0,796.0,0
2017,Astros,0.611,3.77,3.75,0.335,121,21,2,101.0,61.0,896.0,700.0,5
2017,Indians,0.664,3.41,3.44,0.336,105,52,31,102.0,60.0,818.0,564.0,2
2017,Yankees,0.618,3.82,3.78,0.333,109,26,17,91.0,71.0,858.0,660.0,3
2017,Rockies,0.539,4.26,4.31,0.305,88,7,20,87.0,75.0,824.0,757.0,1
2017,Cubs,0.576,4.1,4.09,0.327,101,40,21,92.0,70.0,822.0,695.0,3
2017,Nationals,0.59,4.12,4.0,0.325,99,-33,-16,97.0,65.0,819.0,672.0,2
2017,Dodgers,0.627,3.7,3.66,0.333,104,65,-21,104.0,58.0,770.0,580.0,4
2017,Diamondbacks,0.594,3.86,3.92,0.321,95,17,-1,93.0,69.0,812.0,659.0,2
2017,Twins,0.515,4.75,4.55,0.323,103,24,65,85.0,77.0,815.0,788.0,1
2017,Cardinals,0.535,4.12,4.13,0.33,101,31,-10,83.0,79.0,761.0,705.0,0
2017,Reds,0.435,4.66,4.56,0.314,95,56,12,68.0,94.0,753.0,869.0,0
2017,Marlins,0.475,4.9,4.77,0.317,101,22,-9,77.0,85.0,778.0,822.0,0
2017,Athletics,0.449,4.54,4.46,0.328,103,-42,-21,75.0,87.0,739.0,826.0,0
2017,Mets,0.427,4.42,4.37,0.316,101,-69,-53,70.0,92.0,735.0,863.0,0
2017,Rangers,0.49,4.89,4.8,0.319,90,1,3,78.0,84.0,799.0,816.0,0
2017,Brewers,0.522,4.26,4.27,0.307,94,23,29,86.0,76.0,732.0,697.0,0
2017,Mariners,0.487,4.64,4.43,0.322,103,9,20,78.0,84.0,750.0,772.0,0
2017,Tigers,0.411,4.87,4.65,0.336,98,-115,-13,64.0,98.0,735.0,894.0,0
2017,Orioles,0.444,4.72,4.59,0.319,95,-7,-25,75.0,87.0,743.0,841.0,0
2017,Red Sox,0.573,3.91,3.77,0.313,91,79,5,93.0,69.0,785.0,668.0,2
2017,Braves,0.448,4.67,4.57,0.313,89,-6,-25,72.0,90.0,732.0,821.0,0
2017,Rays,0.493,4.29,4.2,0.31,99,48,13,80.0,82.0,694.0,704.0,0
2017,White Sox,0.432,5.01,4.82,0.307,95,-11,9,67.0,95.0,706.0,820.0,0
2017,Royals,0.446,4.68,4.51,0.32,91,-56,17,80.0,82.0,702.0,791.0,0
2017,Blue Jays,0.444,4.36,4.27,0.317,93,3,-42,76.0,86.0,693.0,784.0,0
2017,Phillies,0.443,4.5,4.37,0.303,87,-33,2,66.0,96.0,690.0,782.0,0
2017,Angels,0.501,4.37,4.21,0.314,92,50,9,80.0,82.0,710.0,709.0,0
2017,Pirates,0.459,4.33,4.36,0.307,85,24,-16,75.0,87.0,668.0,731.0,0
2017,Padres,0.366,4.34,4.29,0.289,82,16,-30,71.0,91.0,604.0,816.0,0
2017,Giants,0.412,4.53,4.47,0.298,83,-30,-14,64.0,98.0,639.0,776.0,0
2018,Red Sox,0.635,3.92,3.72,0.34,111,10,-1,108.0,54.0,876.0,647.0,5
2018,Yankees,0.608,3.61,3.53,0.331,112,30,-36,100.0,62.0,851.0,669.0,2
2018,Dodgers,0.624,3.52,3.47,0.329,111,55,-15,92.0,71.0,804.0,610.0,4
2018,Indians,0.605,3.66,3.54,0.333,106,0,-10,91.0,71.0,818.0,648.0,2
2018,Athletics,0.585,4.25,4.19,0.331,112,13,20,97.0,65.0,813.0,674.0,1
2018,Astros,0.675,3.36,3.27,0.315,110,61,41,103.0,59.0,797.0,534.0,3
2018,Nationals,0.556,4.13,3.94,0.325,101,-7,-1,82.0,80.0,771.0,682.0,0
2018,Rockies,0.521,3.96,3.98,0.309,88,39,-4,91.0,72.0,780.0,745.0,2
2018,Rays,0.547,3.98,3.82,0.309,107,40,-1,90.0,72.0,716.0,646.0,0
2018,Brewers,0.561,4.04,4.0,0.317,100,121,35,96.0,67.0,754.0,659.0,3
2018,Cubs,0.575,4.29,4.32,0.315,100,82,25,95.0,68.0,761.0,645.0,1
2018,Braves,0.566,4.16,4.2,0.31,96,53,43,90.0,72.0,759.0,657.0,2
2018,Blue Jays,0.427,4.54,4.3,0.325,100,-54,-40,73.0,89.0,709.0,832.0,0
2018,Reds,0.426,4.28,4.28,0.312,94,-11,17,67.0,95.0,696.0,819.0,0
2018,Cardinals,0.543,4.24,4.26,0.32,99,-2,-38,88.0,74.0,759.0,691.0,0
2018,Rangers,0.436,4.58,4.48,0.311,89,-32,11,67.0,95.0,737.0,848.0,0
2018,Angels,0.499,4.18,4.07,0.318,98,5,0,80.0,82.0,721.0,722.0,0
2018,Twins,0.478,4.33,4.19,0.307,96,12,5,78.0,84.0,738.0,775.0,0
2018,Mariners,0.478,4.06,3.9,0.323,100,7,-10,89.0,73.0,677.0,711.0,0
2018,Pirates,0.499,4.14,4.07,0.311,95,12,5,82.0,79.0,692.0,693.0,0
2018,Phillies,0.467,3.87,3.82,0.302,91,-89,-35,80.0,82.0,677.0,728.0,0
2018,Diamondbacks,0.533,3.81,3.85,0.309,88,123,29,82.0,80.0,693.0,644.0,0
2018,Mets,0.479,4.03,3.89,0.301,94,-33,-14,77.0,85.0,676.0,707.0,0
2018,White Sox,0.385,4.88,4.63,0.298,92,-39,0,62.0,100.0,656.0,848.0,0
2018,Royals,0.38,4.63,4.56,0.312,87,-30,-14,58.0,104.0,638.0,833.0,0
2018,Orioles,0.341,4.73,4.57,0.298,87,-45,-43,47.0,115.0,622.0,892.0,0
2018,Tigers,0.395,4.55,4.35,0.302,83,-23,-21,64.0,98.0,630.0,796.0,0
2018,Padres,0.402,3.99,3.98,0.288,84,33,9,66.0,96.0,617.0,767.0,0
2018,Giants,0.433,4.2,4.23,0.292,82,-6,-4,73.0,89.0,603.0,699.0,0
2018,Marlins,0.359,4.65,4.51,0.295,83,21,26,63.0,98.0,589.0,809.0,0
2019,Astros,0.66,3.8,3.77,0.338,124,97,47,107.0,55.0,920.0,640.0,4
2019,Twins,0.599,4.27,4.22,0.347,116,-29,-22,101.0,61.0,939.0,754.0,2
2019,Yankees,0.61,4.27,4.15,0.338,117,-18,-38,103.0,59.0,943.0,739.0,3
2019,Dodgers,0.662,3.87,3.87,0.334,110,106,2,106.0,56.0,886.0,613.0,2
2019,Red Sox,0.539,4.39,4.24,0.336,106,5,6,84.0,78.0,901.0,828.0,0
2019,Nationals,0.585,4.32,4.25,0.336,104,26,27,93.0,69.0,873.0,724.0,5
2019,Braves,0.564,4.42,4.48,0.337,101,19,3,97.0,65.0,855.0,743.0,2
2019,Cubs,0.558,4.29,4.34,0.326,100,29,35,84.0,78.0,814.0,717.0,0
2019,Rockies,0.437,4.75,4.8,0.307,87,40,15,71.0,91.0,835.0,958.0,0
2019,Athletics,0.598,4.72,4.57,0.337,107,3,3,97.0,65.0,845.0,680.0,1
2019,Mets,0.532,4.29,4.21,0.323,105,-44,-18,86.0,76.0,791.0,737.0,0
2019,Brewers,0.502,4.42,4.37,0.324,97,26,3,89.0,73.0,769.0,766.0,1
2019,Rays,0.572,3.89,3.83,0.327,104,47,5,96.0,66.0,769.0,656.0,2
2019,Diamondbacks,0.541,4.42,4.39,0.317,93,91,29,85.0,77.0,813.0,743.0,0
2019,Indians,0.572,4.3,4.11,0.317,97,66,33,93.0,69.0,769.0,657.0,0
2019,Rangers,0.463,4.82,4.65,0.319,88,-65,-9,78.0,84.0,810.0,878.0,0
2019,Angels,0.445,4.8,4.56,0.324,96,-20,7,72.0,90.0,769.0,868.0,0
2019,Phillies,0.488,4.55,4.52,0.316,90,68,-3,81.0,81.0,774.0,794.0,0
2019,Cardinals,0.565,4.36,4.43,0.32,95,77,30,91.0,71.0,764.0,662.0,3
2019,Mariners,0.426,4.85,4.7,0.309,99,-54,-23,68.0,94.0,758.0,893.0,0
2019,Pirates,0.417,4.72,4.54,0.313,92,-21,-27,69.0,93.0,758.0,911.0,0
2019,Reds,0.494,4.1,4.15,0.308,85,41,26,75.0,87.0,701.0,711.0,0
2019,Blue Jays,0.44,4.88,4.73,0.313,92,40,-27,67.0,95.0,726.0,828.0,0
2019,White Sox,0.427,4.81,4.72,0.305,92,-27,-16,72.0,89.0,708.0,832.0,0
2019,Orioles,0.367,5.23,4.88,0.306,88,-53,-33,54.0,108.0,729.0,981.0,0
2019,Padres,0.434,4.29,4.17,0.299,89,-1,-28,70.0,92.0,682.0,789.0,0
2019,Royals,0.397,4.98,4.89,0.302,84,-23,-17,59.0,103.0,691.0,869.0,0
2019,Giants,0.44,4.58,4.52,0.306,82,24,15,77.0,85.0,678.0,773.0,0
2019,Tigers,0.304,4.75,4.56,0.295,77,-116,-18,47.0,114.0,582.0,915.0,0
2019,Marlins,0.378,5.06,4.75,0.296,79,10,-11,57.0,105.0,615.0,808.0,0
2020,Braves,0.586,4.63,4.5,0.355,120,-12,11,35.0,25.0,348.0,288.0,3
2020,Dodgers,0.712,3.99,3.93,0.361,120,27,8,43.0,17.0,349.0,213.0,5
2020,Mets,0.466,4.33,4.19,0.332,123,-21,-4,26.0,34.0,286.0,308.0,0
2020,Padres,0.633,3.97,3.88,0.357,116,3,18,37.0,23.0,325.0,241.0,2
2020,Yankees,0.57,4.24,4.06,0.347,117,-2,-9,33.0,27.0,315.0,270.0,2
2020,Giants,0.503,4.84,4.59,0.33,112,3,0,29.0,31.0,299.0,297.0,0
2020,Phillies,0.493,4.0,4.09,0.342,108,-33,-19,28.0,32.0,306.0,311.0,0
2020,White Sox,0.599,4.36,4.38,0.326,111,27,6,35.0,25.0,306.0,246.0,1
2020,Red Sox,0.417,4.67,4.58,0.311,105,1,-5,24.0,36.0,292.0,351.0,0
2020,Nationals,0.488,4.8,4.56,0.328,104,-45,-13,26.0,34.0,293.0,301.0,0
2020,Angels,0.46,4.6,4.35,0.33,106,-25,-20,26.0,34.0,294.0,321.0,0
2020,Blue Jays,0.485,4.72,4.64,0.332,104,-37,-13,32.0,28.0,302.0,312.0,1
2020,Rays,0.605,3.94,3.91,0.317,111,24,-2,40.0,20.0,289.0,229.0,4
2020,Orioles,0.468,4.63,4.45,0.304,102,2,-9,25.0,35.0,274.0,294.0,0
2020,Twins,0.601,4.15,4.02,0.322,103,17,8,36.0,24.0,269.0,215.0,1
2020,Athletics,0.576,4.38,4.2,0.326,103,-23,-9,36.0,24.0,274.0,232.0,2
2020,Reds,0.5,3.95,3.88,0.329,87,5,-10,31.0,29.0,243.0,243.0,1
2020,Astros,0.507,4.43,4.39,0.316,97,9,9,29.0,31.0,279.0,275.0,3
2020,Cubs,0.545,4.04,4.13,0.319,92,25,7,34.0,26.0,265.0,240.0,1
2020,Royals,0.458,4.47,4.38,0.313,90,-2,10,26.0,34.0,248.0,272.0,0
2020,Marlins,0.434,4.9,4.79,0.305,93,0,-13,31.0,29.0,263.0,304.0,2
2020,Rockies,0.388,5.13,5.04,0.294,76,16,3,26.0,34.0,275.0,353.0,0
2020,Brewers,0.47,3.76,3.73,0.324,90,-9,3,29.0,31.0,247.0,264.0,1
2020,Cardinals,0.521,4.52,4.49,0.32,93,34,11,30.0,28.0,240.0,229.0,1
2020,Diamondbacks,0.458,4.87,4.59,0.314,88,-2,10,25.0,35.0,269.0,295.0,0
2020,Indians,0.578,3.73,3.61,0.32,90,26,6,35.0,25.0,248.0,209.0,1
2020,Tigers,0.39,4.85,4.62,0.306,92,-12,7,23.0,35.0,249.0,318.0,0
2020,Mariners,0.42,5.11,4.82,0.308,92,14,1,27.0,33.0,254.0,303.0,0
2020,Rangers,0.353,5.0,4.75,0.299,76,10,-7,22.0,38.0,224.0,312.0,0
2020,Pirates,0.363,4.63,4.52,0.298,72,24,1,19.0,41.0,219.0,298.0,0
2021,Blue Jays,0.61,4.06,3.92,0.338,112,22,-9,91.0,71.0,846.0,663.0,0
2021,Astros,0.622,4.12,4.11,0.335,115,76,37,95.0,67.0,863.0,658.0,4
2021,Red Sox,0.546,4.07,4.0,0.335,105,4,-37,92.0,70.0,829.0,749.0,3
2021,Giants,0.635,3.87,3.86,0.324,108,32,26,107.0,55.0,804.0,594.0,2
2021,White Sox,0.601,3.85,3.73,0.325,108,-40,-11,93.0,69.0,796.0,636.0,2
2021,Reds,0.515,4.18,4.17,0.325,98,-32,-36,83.0,79.0,786.0,760.0,0
2021,Dodgers,0.672,3.75,3.7,0.328,105,36,-9,106.0,56.0,830.0,561.0,3
2021,Nationals,0.443,4.53,4.37,0.328,102,12,-24,65.0,97.0,724.0,820.0,0
2021,Braves,0.584,4.09,4.09,0.332,99,50,8,88.0,73.0,790.0,656.0,5
2021,Rays,0.623,3.97,3.84,0.313,109,72,29,100.0,62.0,857.0,651.0,2
2021,Twins,0.439,4.44,4.28,0.335,102,32,9,73.0,89.0,729.0,834.0,0
2021,Yankees,0.528,4.0,3.81,0.331,103,-41,-22,92.0,70.0,711.0,669.0,1
2021,Rockies,0.466,4.38,4.42,0.306,80,61,2,74.0,87.0,739.0,796.0,0
2021,Phillies,0.493,4.02,3.97,0.314,94,-54,-22,82.0,80.0,734.0,745.0,0
2021,Athletics,0.536,4.35,4.19,0.326,102,-10,20,86.0,76.0,743.0,687.0,0
2021,Padres,0.513,4.08,3.93,0.318,99,16,10,79.0,83.0,729.0,708.0,0
2021,Cardinals,0.523,4.66,4.67,0.32,95,81,52,90.0,72.0,706.0,672.0,1
2021,Cubs,0.421,4.43,4.39,0.304,94,29,12,71.0,91.0,705.0,839.0,0
2021,Brewers,0.577,3.75,3.77,0.31,92,61,-21,95.0,67.0,738.0,623.0,2
2021,Angels,0.452,4.26,4.22,0.311,93,-29,-22,77.0,85.0,723.0,804.0,0
2021,Mets,0.478,3.99,3.9,0.31,94,48,26,77.0,85.0,636.0,668.0,0
2021,Cleveland,,4.27,4.18,0.311,95,2,19,80.0,82.0,,,0
2021,Tigers,0.463,4.65,4.54,0.308,93,-35,-15,77.0,85.0,697.0,756.0,0
2021,Orioles,0.336,4.91,4.64,0.305,91,-30,-30,52.0,110.0,659.0,956.0,0
2021,Royals,0.437,4.52,4.44,0.311,88,23,22,74.0,88.0,686.0,788.0,0
2021,Diamondbacks,0.377,4.85,4.64,0.293,86,-37,-14,52.0,110.0,679.0,893.0,0
2021,Mariners,0.468,4.47,4.28,0.308,93,-1,-5,90.0,72.0,697.0,748.0,0
2021,Pirates,0.361,4.7,4.54,0.299,80,-9,-9,61.0,101.0,609.0,833.0,0
2021,Marlins,0.446,4.21,4.18,0.29,80,55,-8,67.0,95.0,623.0,701.0,0
2021,Rangers,0.381,4.57,4.48,0.297,83,86,27,60.0,102.0,625.0,815.0,0
2022,Dodgers,0.715,3.67,3.47,0.329,119,86,6,111.0,51.0,847.0,513.0,2
2022,Blue Jays,0.56,3.84,3.69,0.326,118,44,6,92.0,70.0,775.0,679.0,1
2022,Braves,0.616,3.58,3.52,0.33,112,31,6,101.0,61.0,789.0,609.0,2
2022,Yankees,0.656,3.64,3.55,0.33,114,129,23,99.0,63.0,807.0,567.0,3
2022,Cardinals,0.587,4.03,4.1,0.317,112,67,28,93.0,69.0,772.0,637.0,1
2022,Mets,0.609,3.45,3.33,0.321,113,13,8,101.0,61.0,772.0,606.0,1
2022,Astros,0.656,3.55,3.47,0.324,113,67,33,106.0,56.0,737.0,518.0,5
2022,Phillies,0.54,3.7,3.66,0.322,107,-33,-36,87.0,75.0,747.0,685.0,4
2022,Red Sox,0.469,4.11,3.98,0.316,102,-4,-12,78.0,84.0,735.0,787.0,0
2022,Brewers,0.524,3.66,3.6,0.315,104,53,4,86.0,76.0,725.0,688.0,0
2022,Twins,0.508,4.1,3.89,0.323,106,27,-16,78.0,84.0,696.0,684.0,0
2022,Rockies,0.399,4.29,4.3,0.301,88,9,-2,68.0,94.0,698.0,873.0,0
2022,Giants,0.512,3.63,3.64,0.308,102,-53,-34,81.0,81.0,716.0,697.0,0
2022,Mariners,0.547,3.93,3.76,0.317,108,36,-1,90.0,72.0,690.0,623.0,2
2022,Padres,0.53,3.86,3.68,0.306,102,8,28,89.0,73.0,705.0,660.0,3
2022,Cubs,0.451,4.04,3.93,0.3,100,4,-24,74.0,88.0,657.0,731.0,0
2022,White Sox,0.48,3.93,3.83,0.308,98,-35,-18,81.0,81.0,686.0,717.0,0
2022,Guardians,0.544,3.78,3.7,0.298,100,79,20,92.0,70.0,698.0,634.0,2
2022,Orioles,0.491,4.1,4.03,0.31,100,36,8,83.0,79.0,674.0,688.0,0
2022,Rangers,0.477,4.11,4.1,0.303,98,5,-4,68.0,94.0,707.0,743.0,0
2022,Diamondbacks,0.476,4.32,4.22,0.297,93,56,43,74.0,88.0,702.0,740.0,0
2022,Nationals,0.345,4.51,4.32,0.302,95,-47,-51,55.0,107.0,603.0,855.0,0
2022,Rays,0.537,3.71,3.56,0.297,100,15,0,86.0,76.0,666.0,614.0,1
2022,Royals,0.394,4.44,4.4,0.309,91,-40,-1,65.0,97.0,640.0,810.0,0
2022,Angels,0.468,4.0,3.92,0.3,93,10,0,73.0,89.0,623.0,668.0,0
2022,Reds,0.397,4.31,4.07,0.292,85,-35,-20,62.0,100.0,648.0,815.0,0
2022,Marlins,0.435,3.75,3.74,0.298,83,11,4,69.0,93.0,586.0,676.0,0
2022,Pirates,0.356,4.34,4.27,0.288,82,2,-21,62.0,100.0,591.0,817.0,0
2022,Tigers,0.389,4.34,4.24,0.288,81,25,12,66.0,96.0,557.0,713.0,0
2022,Athletics,0.364,4.39,4.24,0.285,82,-29,-8,60.0,102.0,568.0,770.0,0
2023,Braves,0.625,4.1,4.03,0.363,126,16,-13,104.0,58.0,947.0,716.0,2
2023,Dodgers,0.616,4.19,4.07,0.341,115,57,-4,100.0,62.0,906.0,699.0,2
2023,Rangers,0.594,4.35,4.24,0.335,118,35,17,90.0,72.0,881.0,716.0,5
2023,Rays,0.616,3.84,3.78,0.322,117,25,0,99.0,63.0,860.0,665.0,1
2023,Astros,0.577,4.3,4.16,0.333,111,15,6,90.0,72.0,827.0,698.0,3
2023,Phillies,0.549,4.02,3.99,0.326,104,-30,-1,90.0,72.0,796.0,715.0,3
2023,Twins,0.575,3.94,3.77,0.325,107,33,-14,87.0,75.0,778.0,659.0,2
2023,Cubs,0.557,4.19,4.2,0.325,106,36,17,83.0,79.0,819.0,723.0,0
2023,Reds,0.478,4.74,4.5,0.312,98,-38,-35,82.0,80.0,783.0,821.0,0
2023,Blue Jays,0.548,4.03,3.93,0.324,106,85,9,89.0,73.0,746.0,671.0,1
2023,Red Sox,0.498,4.23,4.1,0.317,101,-20,-51,78.0,84.0,772.0,776.0,0
2023,Padres,0.568,4.17,4.16,0.328,106,40,27,82.0,80.0,752.0,648.0,0
2023,Cardinals,0.435,4.54,4.55,0.333,103,-7,-4,71.0,91.0,719.0,829.0,0
2023,Orioles,0.579,4.08,4.04,0.319,105,34,-13,101.0,61.0,807.0,678.0,2
2023,Angels,0.448,4.63,4.43,0.316,102,1,-20,73.0,89.0,739.0,829.0,0
2023,Mariners,0.564,3.95,3.88,0.325,109,15,22,88.0,74.0,758.0,659.0,0
2023,Diamondbacks,0.491,4.36,4.31,0.311,97,46,30,84.0,78.0,746.0,761.0,4
2023,Mets,0.492,4.5,4.38,0.322,100,-25,-14,75.0,87.0,717.0,729.0,0
2023,Marlins,0.463,4.07,4.0,0.316,93,-11,-33,84.0,78.0,666.0,723.0,1
2023,Rockies,0.373,5.04,4.9,0.304,80,20,-2,59.0,103.0,721.0,957.0,0
2023,Nationals,0.415,4.83,4.74,0.306,93,-30,-2,71.0,91.0,700.0,845.0,0
2023,Brewers,0.554,4.13,4.08,0.311,93,68,38,92.0,70.0,728.0,647.0,1
2023,Pirates,0.44,4.5,4.44,0.312,90,3,2,76.0,86.0,692.0,790.0,0
2023,Yankees,0.483,4.22,4.09,0.324,93,27,3,82.0,80.0,673.0,698.0,0
2023,Giants,0.47,3.86,3.88,0.312,92,-15,17,79.0,83.0,674.0,719.0,0
2023,Royals,0.392,4.68,4.53,0.318,88,-15,31,56.0,106.0,676.0,859.0,0
2023,Guardians,0.476,4.52,4.44,0.31,91,24,12,76.0,86.0,662.0,697.0,0
2023,Tigers,0.449,4.24,4.15,0.313,89,22,-10,78.0,84.0,661.0,740.0,0
2023,Athletics,0.302,5.17,4.84,0.297,88,-79,-22,50.0,112.0,585.0,924.0,0
2023,White Sox,0.378,4.61,4.42,0.295,83,-59,-18,61.0,101.0,641.0,841.0,0
2024,Dodgers,0.593,4.08,3.96,0.335,117,66,-4,98.0,64.0,842.0,686.0,5
2024,Diamondbacks,0.553,4.08,4.07,0.329,115,13,36,89.0,73.0,886.0,788.0,0
2024,Yankees,0.59,4.09,3.93,0.343,118,31,8,94.0,68.0,815.0,668.0,4
2024,Phillies,0.571,3.67,3.71,0.321,107,3,9,95.0,67.0,784.0,671.0,2
2024,Orioles,0.553,4.04,3.95,0.324,114,1,-12,91.0,71.0,786.0,699.0,1
2024,Padres,0.558,3.88,3.77,0.329,111,-8,6,93.0,69.0,760.0,669.0,2
2024,Astros,0.56,3.93,3.88,0.322,111,1,-1,88.0,73.0,740.0,649.0,1
2024,Red Sox,0.502,4.03,3.95,0.311,105,49,-17,81.0,81.0,751.0,747.0,0
2024,Mets,0.544,4.09,4.01,0.325,108,18,6,89.0,73.0,768.0,697.0,3
2024,Brewers,0.587,4.11,3.98,0.312,105,64,29,93.0,69.0,777.0,641.0,1
2024,Twins,0.504,3.83,3.65,0.315,106,-20,3,82.0,80.0,742.0,735.0,0
2024,Braves,0.567,3.5,3.5,0.323,101,35,0,89.0,73.0,704.0,607.0,1
2024,Cubs,0.544,4.1,4.02,0.315,100,37,23,83.0,79.0,736.0,669.0,0
2024,Royals,0.56,4.04,3.99,0.316,97,47,35,86.0,76.0,735.0,644.0,2
2024,Blue Jays,0.454,4.23,4.13,0.31,101,102,22,74.0,88.0,671.0,743.0,0
2024,Cardinals,0.469,3.91,3.97,0.31,98,29,13,83.0,79.0,672.0,719.0,0
2024,Guardians,0.56,4.01,3.87,0.298,100,89,11,92.0,69.0,708.0,621.0,3
2024,Rockies,0.362,4.63,4.62,0.299,82,20,9,61.0,101.0,682.0,929.0,0
2024,Giants,0.496,3.82,3.82,0.311,97,-3,-7,80.0,82.0,693.0,699.0,0
2024,Reds,0.503,4.28,4.01,0.3,89,-30,-14,77.0,85.0,699.0,694.0,0
2024,Mariners,0.549,3.76,3.62,0.311,104,39,-16,85.0,77.0,676.0,607.0,0
2024,Athletics,0.422,4.5,4.31,0.306,101,-64,-47,69.0,93.0,643.0,764.0,0
2024,Rangers,0.465,4.21,4.07,0.306,97,33,26,78.0,84.0,683.0,738.0,0
2024,Nationals,0.433,4.03,4.04,0.302,92,-21,-19,71.0,91.0,660.0,764.0,0
2024,Tigers,0.528,3.85,3.79,0.303,94,50,22,86.0,76.0,682.0,642.0,2
2024,Marlins,0.376,4.37,4.23,0.297,87,-29,-37,62.0,100.0,637.0,841.0,0
2024,Angels,0.398,4.57,4.45,0.304,91,15,-38,63.0,99.0,635.0,797.0,0
2024,Pirates,0.452,4.2,4.08,0.307,86,-7,-15,76.0,86.0,665.0,739.0,0
2024,Rays,0.457,4.04,3.83,0.296,95,-7,5,80.0,82.0,604.0,663.0,0
2024,White Sox,0.296,4.5,4.35,0.285,75,-87,-38,41.0,121.0,507.0,813.0,0
2025,Yankees,0.588,4.0,3.98,0.349,117,25,-10,88.0,68.0,816.0,672.0,0
2025,Dodgers,0.578,4.0,3.9,0.345,113,61,8,88.0,68.0,794.0,668.0,0
2025,Blue Jays,0.541,4.16,3.96,0.34,112,45,10,90.0,66.0,768.0,702.0,0
2025,Phillies,0.58,3.73,3.7,0.338,110,-4,8,92.0,64.0,756.0,634.0,0
2025,Diamondbacks,0.517,4.22,4.19,0.332,109,-6,11,79.0,77.0,773.0,744.0,0
2025,Mets,0.536,4.03,4.02,0.349,113,27,-14,80.0,76.0,739.0,683.0,0
2025,Athletics,0.451,4.57,4.31,0.318,104,-34,-13,73.0,83.0,709.0,789.0,0
2025,Red Sox,0.567,4.05,4.04,0.328,103,35,13,85.0,71.0,765.0,660.0,0
2025,Brewers,0.615,4.11,3.95,0.322,108,37,27,95.0,62.0,794.0,614.0,0
2025,Cubs,0.583,4.2,4.04,0.343,108,80,28,88.0,68.0,750.0,625.0,0
2025,Mariners,0.544,3.95,3.85,0.329,112,10,-30,87.0,69.0,741.0,673.0,0
2025,Tigers,0.547,4.0,3.95,0.331,104,33,-5,85.0,71.0,743.0,670.0,0
2025,Braves,0.497,4.06,3.99,0.329,101,44,2,74.0,83.0,710.0,715.0,0
2025,Rays,0.533,3.92,3.82,0.317,98,41,-24,76.0,80.0,696.0,647.0,0
2025,Astros,0.512,3.9,3.77,0.322,100,3,34,84.0,72.0,659.0,642.0,0
2025,Marlins,0.449,4.31,4.19,0.326,97,18,19,76.0,80.0,692.0,774.0,0
2025,Twins,0.435,4.25,4.01,0.32,98,-51,-10,67.0,89.0,661.0,763.0,0
2025,Padres,0.544,4.17,3.96,0.325,101,18,-5,86.0,71.0,670.0,609.0,0
2025,Reds,0.523,4.19,4.02,0.307,92,1,-1,80.0,76.0,697.0,663.0,0
2025,Royals,0.499,4.21,4.17,0.326,92,35,32,78.0,78.0,616.0,618.0,0
2025,Orioles,0.433,4.2,4.11,0.321,96,-27,-22,73.0,83.0,656.0,760.0,0
2025,Cardinals,0.469,4.13,4.18,0.316,96,9,36,77.0,80.0,673.0,721.0,0
2025,Giants,0.509,4.03,4.02,0.312,96,15,-20,77.0,80.0,679.0,666.0,0
2025,Angels,0.408,4.56,4.49,0.32,92,-39,-46,70.0,86.0,655.0,803.0,0
2025,Nationals,0.38,4.54,4.43,0.323,92,-37,-31,64.0,93.0,666.0,870.0,0
2025,Rangers,0.56,4.04,3.97,0.32,93,95,30,79.0,77.0,662.0,580.0,0
2025,Rockies,0.276,4.84,4.7,0.302,76,-62,-25,43.0,113.0,584.0,988.0,0
2025,White Sox,0.436,4.61,4.41,0.312,88,-34,-22,58.0,98.0,618.0,711.0,0
2025,Guardians,0.493,4.17,4.1,0.299,87,39,2,84.0,72.0,616.0,625.0,0
2025,Pirates,0.447,4.16,4.05,0.314,82,35,19,67.0,89.0,561.0,630.0,0
